,count,unique,top,freq,mean,std,min,25%,50%,75%,max
text,715,715,"Its like that, if you want or not.“ ME: I have no problem, if it takes longer. But you asked my friend for help and let him wait for one hour and then you haven’t prepared anything. Thats not what you asked for. Instead of 3 hours, he helped you for 10 hours till 5am...",1,,,,,,,
label,715.0,,,,0.5160839160839161,0.5000910770901668,0.0,0.0,1.0,1.0,1.0
social_timestamp,715.0,,,,1517569805.774825,15539436.863657586,1483329777.0,1509572176.0,1516657634.0,1531001175.0,1542583224.0
social_karma,715.0,,,,24.627972027972028,113.08647344830419,0.0,2.0,5.0,10.0,1687.0
syntax_ari,715.0,,,,4.705624331815208,3.2446517986151377,-4.8,2.5844217685,4.477285714,6.7238888889999995,22.53549296
lex_liwc_WC,715.0,,,,85.66713286713286,31.197320362339532,12.0,65.0,81.0,101.5,264.0
lex_liwc_Analytic,715.0,,,,34.7433986013986,26.331580006908474,1.0,11.975000000000001,30.37,53.480000000000004,98.22
lex_liwc_Clout,715.0,,,,38.41083916083916,30.83428905241131,1.0,10.34,30.24,61.58,99.0
lex_liwc_Authentic,715.0,,,,69.9174125874126,31.68249149144435,1.0,46.4,84.47,96.945,99.0
lex_liwc_Tone,715.0,,,,32.375706293706294,34.49522313209793,1.0,1.23,16.15,60.394999999999996,99.0
lex_liwc_WPS,715.0,,,,17.86109090909091,7.002506648941839,2.4,13.4,16.8,21.0,60.0
lex_liwc_Sixltr,715.0,,,,14.885566433566433,5.154318937096762,0.0,11.355,14.29,18.05,35.44
lex_liwc_Dic,715.0,,,,92.51370629370629,4.4583814434936615,66.67,90.25,93.33,95.67500000000001,100.0
lex_liwc_function,715.0,,,,58.890937062937056,6.2137740815360765,16.67,55.215,59.3,62.769999999999996,73.47
lex_liwc_pronoun,715.0,,,,20.054713286713287,5.547129524456565,0.0,16.145,20.0,23.665,38.89
lex_liwc_ppron,715.0,,,,14.110041958041958,4.73989296212,0.0,11.11,13.79,17.165,30.19
lex_liwc_i,715.0,,,,9.360405594405595,4.440332743982098,0.0,6.51,9.73,12.43,23.08
lex_liwc_we,715.0,,,,0.7806293706293705,1.5921738820131202,0.0,0.0,0.0,1.09,12.5
lex_liwc_you,715.0,,,,0.7752587412587412,1.9869956161545654,0.0,0.0,0.0,0.0,15.52
lex_liwc_shehe,715.0,,,,2.61986013986014,3.636420922180061,0.0,0.0,0.0,4.640000000000001,20.0
lex_liwc_they,715.0,,,,0.5735104895104896,1.3486213983213613,0.0,0.0,0.0,0.77,12.63
lex_liwc_ipron,715.0,,,,5.929762237762238,3.233104079396126,0.0,3.7,5.51,7.87,18.18
lex_liwc_article,715.0,,,,4.828923076923076,2.639801386396479,0.0,3.03,4.57,6.4350000000000005,17.65
lex_liwc_prep,715.0,,,,13.498097902097903,3.644833343576435,0.0,11.24,13.33,16.060000000000002,23.73
lex_liwc_auxverb,715.0,,,,10.234195804195805,3.6245110193892702,0.0,7.84,10.14,12.35,27.78
lex_liwc_adverb,715.0,,,,6.169496503496503,3.1867085261645838,0.0,3.75,6.0,8.295,17.14
lex_liwc_conj,715.0,,,,7.735692307692308,2.9147338291083438,0.0,5.77,7.69,9.495000000000001,16.67
lex_liwc_negate,715.0,,,,2.2774825174825173,1.8825140635925952,0.0,0.98,2.0,3.33,11.54
lex_liwc_verb,715.0,,,,19.270545454545456,4.499541073279571,5.36,16.205,19.4,22.22,35.48
lex_liwc_adj,715.0,,,,4.529538461538461,2.703421047656764,0.0,2.6,4.3,6.02,15.96
lex_liwc_compare,715.0,,,,2.336797202797203,1.9102322022882012,0.0,1.045,2.08,3.3,9.8
lex_liwc_interrog,715.0,,,,1.5209930069930069,1.518802968766595,0.0,0.0,1.32,2.33,10.0
lex_liwc_number,715.0,,,,1.3759860139860138,1.921668050169491,0.0,0.0,1.01,2.045,25.0
lex_liwc_quant,715.0,,,,2.3208951048951048,1.8773781658198259,0.0,1.07,2.0,3.47,10.61
lex_liwc_affect,715.0,,,,6.0508531468531475,3.2369585743004623,0.0,3.74,5.71,7.925000000000001,17.33
lex_liwc_posemo,715.0,,,,2.606573426573427,2.364875768790799,0.0,1.005,2.06,3.91,14.29
lex_liwc_negemo,715.0,,,,3.3607692307692307,2.8101387260340243,0.0,1.32,2.88,4.92,16.67
lex_liwc_anx,715.0,,,,0.980853146853147,1.5329927064626938,0.0,0.0,0.0,1.545,16.67
lex_liwc_anger,715.0,,,,0.8803076923076925,1.332447324129326,0.0,0.0,0.0,1.47,11.9
lex_liwc_sad,715.0,,,,0.6003776223776224,1.0004136385705849,0.0,0.0,0.0,1.1,6.45
lex_liwc_social,715.0,,,,10.39488111888112,6.637529456791062,0.0,5.26,10.13,14.71,33.33
lex_liwc_family,715.0,,,,0.6505034965034965,1.3299808441688568,0.0,0.0,0.0,0.965,10.0
lex_liwc_friend,715.0,,,,0.5643496503496503,1.007439256314962,0.0,0.0,0.0,1.04,7.35
lex_liwc_female,715.0,,,,1.6016783216783217,2.9666523744692364,0.0,0.0,0.0,1.91,18.33
lex_liwc_male,715.0,,,,1.8115104895104894,2.9903772769741472,0.0,0.0,0.0,2.4850000000000003,15.09
lex_liwc_cogproc,715.0,,,,13.897356643356645,5.41676517523732,0.0,10.17,13.64,17.5,35.71
lex_liwc_insight,715.0,,,,2.8350349650349647,2.20091669026504,0.0,1.28,2.38,4.11,12.66
lex_liwc_cause,715.0,,,,1.7234545454545454,1.7418908426376447,0.0,0.0,1.45,2.5949999999999998,12.0
lex_liwc_discrep,715.0,,,,1.8951048951048952,1.8821072831047811,0.0,0.0,1.45,2.9,11.76
lex_liwc_tentat,715.0,,,,3.463608391608392,2.6164536721327356,0.0,1.545,3.08,4.715,16.13
lex_liwc_certain,715.0,,,,1.6144335664335663,1.6345401042412868,0.0,0.0,1.33,2.355,8.57
lex_liwc_differ,715.0,,,,4.140461538461539,2.651292520183366,0.0,2.2800000000000002,3.88,5.779999999999999,16.13
lex_liwc_percept,715.0,,,,2.3785454545454545,2.0338997078003564,0.0,1.025,2.07,3.4000000000000004,14.29
lex_liwc_see,715.0,,,,0.644055944055944,1.181931096686291,0.0,0.0,0.0,1.13,14.29
lex_liwc_hear,715.0,,,,0.6041538461538462,1.1119604177739288,0.0,0.0,0.0,1.03,8.33
lex_liwc_feel,715.0,,,,0.9574685314685315,1.3001426974267902,0.0,0.0,0.0,1.505,7.79
lex_liwc_bio,715.0,,,,2.615146853146853,2.678546592492251,0.0,0.585,1.92,3.8099999999999996,16.36
lex_liwc_body,715.0,,,,0.7180979020979021,1.3693224587378956,0.0,0.0,0.0,1.1150000000000002,9.09
lex_liwc_health,715.0,,,,1.2308951048951047,1.7020798889492117,0.0,0.0,0.76,1.76,10.81
lex_liwc_sexual,715.0,,,,0.22496503496503495,0.7294388639212359,0.0,0.0,0.0,0.0,7.32
lex_liwc_ingest,715.0,,,,0.3822097902097902,1.0968041865864395,0.0,0.0,0.0,0.0,8.33
lex_liwc_drives,715.0,,,,7.743202797202796,3.931555412685592,0.0,5.13,7.29,9.86,33.33
lex_liwc_affiliation,715.0,,,,2.633272727272727,2.886177029512176,0.0,0.0,1.85,3.975,19.05
lex_liwc_achieve,715.0,,,,1.292111888111888,1.5307718119970375,0.0,0.0,1.05,2.08,16.67
lex_liwc_power,715.0,,,,2.47151048951049,2.02494042125286,0.0,1.1,2.08,3.5199999999999996,11.11
lex_liwc_reward,715.0,,,,1.3518881118881119,1.3801057235559195,0.0,0.0,1.18,2.08,9.68
lex_liwc_risk,715.0,,,,0.7253146853146853,1.0560718161879448,0.0,0.0,0.0,1.3,6.67
lex_liwc_focuspast,715.0,,,,5.090797202797203,3.8589601155105773,0.0,2.0949999999999998,4.44,7.55,19.51
lex_liwc_focuspresent,715.0,,,,12.264433566433565,5.447842536192821,0.0,8.715,12.33,15.75,30.95
lex_liwc_focusfuture,715.0,,,,1.1515384615384614,1.3728700374125298,0.0,0.0,0.91,1.81,8.33
lex_liwc_relativ,715.0,,,,14.495846153846156,5.596457283135151,0.0,10.605,14.13,18.18,36.76
lex_liwc_motion,715.0,,,,1.9755524475524475,1.865840149445235,0.0,0.0,1.64,3.03,13.51
lex_liwc_space,715.0,,,,6.328685314685315,3.349923190765385,0.0,4.0,6.06,8.530000000000001,22.06
lex_liwc_time,715.0,,,,6.415216783216783,3.800013718351804,0.0,3.57,6.02,8.745000000000001,24.29
lex_liwc_work,715.0,,,,1.7653286713286713,2.3763542792966343,0.0,0.0,1.02,2.8099999999999996,22.22
lex_liwc_leisure,715.0,,,,0.7683636363636364,1.4143695260075435,0.0,0.0,0.0,1.1949999999999998,11.54
lex_liwc_home,715.0,,,,0.5730349650349651,1.1309603478016121,0.0,0.0,0.0,0.94,7.41
lex_liwc_money,715.0,,,,0.7206573426573426,1.7281651800173217,0.0,0.0,0.0,0.715,16.67
lex_liwc_relig,715.0,,,,0.1334125874125874,0.6162992394141011,0.0,0.0,0.0,0.0,9.68
lex_liwc_death,715.0,,,,0.1433006993006993,0.4931431947961363,0.0,0.0,0.0,0.0,3.9
lex_liwc_informal,715.0,,,,0.8207692307692308,1.3144357284424333,0.0,0.0,0.0,1.35,14.29
lex_liwc_swear,715.0,,,,0.25128671328671326,0.6924286574742292,0.0,0.0,0.0,0.0,5.26
lex_liwc_netspeak,715.0,,,,0.21958041958041957,0.7072324192612818,0.0,0.0,0.0,0.0,6.67
lex_liwc_assent,715.0,,,,0.12837762237762237,0.43397149418118014,0.0,0.0,0.0,0.0,3.57
lex_liwc_nonflu,715.0,,,,0.11223776223776223,0.3813524869465355,0.0,0.0,0.0,0.0,2.94
lex_liwc_filler,715.0,,,,0.05489510489510489,0.29304607894965784,0.0,0.0,0.0,0.0,3.33
lex_liwc_AllPunc,715.0,,,,16.733202797202797,9.101795323070794,4.65,12.155000000000001,15.69,19.415,166.1
lex_liwc_Period,715.0,,,,6.198293706293706,3.1473717901329166,0.0,4.415,5.63,7.25,33.33
lex_liwc_Comma,715.0,,,,3.5684195804195804,2.75932189182366,0.0,1.54,3.33,5.26,22.58
lex_liwc_Colon,715.0,,,,0.18553846153846154,0.6146494385763055,0.0,0.0,0.0,0.0,9.52
lex_liwc_SemiC,715.0,,,,0.09918881118881118,0.48256975738537805,0.0,0.0,0.0,0.0,8.33
lex_liwc_QMark,715.0,,,,0.46019580419580425,1.185405869925132,0.0,0.0,0.0,0.0,8.57
lex_liwc_Exclam,715.0,,,,0.16293706293706292,0.7413450492367074,0.0,0.0,0.0,0.0,9.38
lex_liwc_Dash,715.0,,,,0.46879720279720277,2.0917558482872,0.0,0.0,0.0,0.0,48.08
lex_liwc_Quote,715.0,,,,0.4253986013986014,1.2473140674710625,0.0,0.0,0.0,0.0,14.29
lex_liwc_Apostro,715.0,,,,3.325062937062937,2.8380647606545617,0.0,1.19,2.83,4.915,18.18
lex_liwc_Parenth,715.0,,,,0.7372867132867132,1.5386061465700025,0.0,0.0,0.0,1.165,16.67
lex_liwc_OtherP,715.0,,,,1.102013986013986,6.207591369931707,0.0,0.0,0.0,0.0,152.54
lex_dal_max_pleasantness,715.0,,,,2.79917006993007,0.1580791389556645,2.3,2.7143,2.8,3.0,3.0
lex_dal_max_activation,715.0,,,,2.713098181818182,0.1723140363567087,2.1111,2.625,2.7143,2.8571,3.0
lex_dal_max_imagery,715.0,,,,2.944055944055944,0.1313698446431505,2.0,3.0,3.0,3.0,3.0
lex_dal_min_pleasantness,715.0,,,,1.0810458741258742,0.10788372420638619,1.0,1.0,1.0,1.125,1.7778
lex_dal_min_activation,715.0,,,,1.1177153846153847,0.08997160048945876,1.0,1.0,1.125,1.1429,1.7778
lex_dal_min_imagery,715.0,,,,1.0002797202797205,0.007479575920067655,1.0,1.0,1.0,1.0,1.2
lex_dal_avg_activation,715.0,,,,1.7233822517482518,0.04889396494689146,1.57467,1.69257,1.72066,1.75311,1.94642
lex_dal_avg_imagery,715.0,,,,1.5299513706293708,0.1007243886447897,1.28148,1.46426,1.52326,1.59257,2.04
lex_dal_avg_pleasantness,715.0,,,,1.8789917482517482,0.05604351082652535,1.71854,1.841965,1.87817,1.910965,2.14043
social_upvote_ratio,715.0,,,,0.8562937062937063,0.1743522558902042,0.2,0.765,0.91,1.0,1.0
social_num_comments,715.0,,,,8.951048951048952,12.891992972062855,0.0,2.0,5.0,11.0,128.0
syntax_fk_grade,715.0,,,,5.497573862102657,2.4909708051179944,-2.318095238,3.6930350875,5.327777778,7.049379893999999,18.53010329
sentiment,715.0,,,,0.04534465510807972,0.19411396844407694,-1.0,-0.056180555555,0.04246031746,0.1547005772,0.8
confidence,715.0,,,,0.7178954378945455,0.32568802177424516,0.0,0.6,0.8,1.0,1.0
post_id,715,586,8c6fwz,6,,,,,,,
id,715.0,,,,13861.372027972027,17765.755427006578,2.0,848.0,1778.0,26201.5,55783.0
subreddit,715,10,anxiety,147,,,,,,,
